{
  "name": "ForecastingPipeline_Portfolio",
  "properties": {
    "activities": [
      {
        "name": "IngestOrders",
        "type": "Copy",
        "inputs": [
          "orders_source"
        ],
        "outputs": [
          "orders_sink"
        ]
      },
      {
        "name": "IngestUsage",
        "type": "Copy",
        "inputs": [
          "usage_source"
        ],
        "outputs": [
          "usage_sink"
        ]
      },
      {
        "name": "DatabricksTrain",
        "type": "DatabricksSparkPython",
        "pythonFile": "dbfs:/src/train_model.py"
      }
    ]
  }
}